{
  "project_info": {
    "project_number": "142257629627",
    "firebase_url": "https://epmc-bf7de.firebaseio.com",
    "project_id": "epmc-bf7de",
    "storage_bucket": "epmc-bf7de.appspot.com"
  },
  "client": [
    {
      "client_info": {
        "mobilesdk_app_id": "1:142257629627:android:3bc5071d36737cf9",
        "android_client_info": {
          "package_name": "com.example.epmc"
        }
      },
      "oauth_client": [
        {
          "client_id": "142257629627-550a0kmmuvmcl6poulae0s2jupu15jbl.apps.googleusercontent.com",
          "client_type": 1,
          "android_info": {
            "package_name": "com.example.epmc",
            "certificate_hash": "75a4a45813f8268063dc5e9ff642261fe5cb5ff9"
          }
        },
        {
          "client_id": "142257629627-bifss9afu6a48btps0fb4taj5u6pmd99.apps.googleusercontent.com",
          "client_type": 3
        }
      ],
      "api_key": [
        {
          "current_key": "AIzaSyDIyCQ98qGPBFr8KxTh9MYJEv8vFYc73eE"
        }
      ],
      "services": {
        "appinvite_service": {
          "other_platform_oauth_client": [
            {
              "client_id": "142257629627-bifss9afu6a48btps0fb4taj5u6pmd99.apps.googleusercontent.com",
              "client_type": 3
            }
          ]
        }
      }
    }
  ],
  "configuration_version": "1"
}